Date,ID,Date,FCO2 µmol m-2 s-1,FCO2 uncertainty µmol m-2 s-1,PAR µmol m-2 s-1,PAR StD µmol m-2 s-1,AirT,Timestamp_rounded,AirRH,PAR,SW_in,SW_out,LW_in,LW_out,NR01_T,Rain_Tot,WS_ms_S_WVT,WindDir_D1_WVT
2018-01-23 19:23:28,AST1P1,23-Jan-2018 19:23:28,-9.2272,1.4821,457.5705,37.516,9.57,2018-01-23 19:30:00,61.35,827.0,373.6084,75.5403,344.2315,360.7026,9.3961,0.0,4.188,252.5
2018-03-07 16:59:17,AST1P1,07-Mar-2018 16:59:17,-6.457,0.94889,1035.4533,18.9374,13.93,2018-03-07 17:00:00,41.61,1647.0,718.5799,151.9329,293.5866,402.7068,15.4464,0.0,4.168,255.6
2018-03-07 17:04:04,AST1P1,07-Mar-2018 17:04:04,-5.9518,0.86008,1083.4106,27.3755,13.93,2018-03-07 17:00:00,41.61,1647.0,718.5799,151.9329,293.5866,402.7068,15.4464,0.0,4.168,255.6
2018-03-07 17:08:59,AST1P1,07-Mar-2018 17:08:59,-6.2376,0.9124,1038.3606,52.7387,13.93,2018-03-07 17:00:00,41.61,1647.0,718.5799,151.9329,293.5866,402.7068,15.4464,0.0,4.168,255.6
2018-03-07 17:16:26,AST1P1,07-Mar-2018 17:16:26,-6.6604,0.98303,1068.9876,22.8582,13.85,2018-03-07 17:30:00,45.08,1634.0,714.306,150.6247,293.2086,402.1044,15.275,0.0,4.608,264.6
2018-03-07 17:21:11,AST1P1,07-Mar-2018 17:21:11,-6.6363,0.97907,1049.6802,21.8869,13.85,2018-03-07 17:30:00,45.08,1634.0,714.306,150.6247,293.2086,402.1044,15.275,0.0,4.608,264.6
2018-03-07 17:27:04,AST1P1,07-Mar-2018 17:27:04,-7.154,1.0922,1064.8156,19.5595,13.85,2018-03-07 17:30:00,45.08,1634.0,714.306,150.6247,293.2086,402.1044,15.275,0.0,4.608,264.6
2018-03-07 17:31:59,AST1P1,07-Mar-2018 17:31:59,-6.0682,0.88262,1057.9113,27.1517,13.85,2018-03-07 17:30:00,45.08,1634.0,714.306,150.6247,293.2086,402.1044,15.275,0.0,4.608,264.6
2018-03-07 17:37:25,AST1P1,07-Mar-2018 17:37:25,3.7043,0.55627,0.0,0.0,13.85,2018-03-07 17:30:00,45.08,1634.0,714.306,150.6247,293.2086,402.1044,15.275,0.0,4.608,264.6
2018-03-07 17:42:10,AST1P1,07-Mar-2018 17:42:10,4.5313,0.66091,2.6709,5.5181,13.85,2018-03-07 17:30:00,45.08,1634.0,714.306,150.6247,293.2086,402.1044,15.275,0.0,4.608,264.6
2018-03-07 17:51:02,AST1P1,07-Mar-2018 17:51:02,-7.6,1.131,1022.371,16.1386,13.91,2018-03-07 18:00:00,45.56,1587.0,695.3019,146.4005,292.8372,400.4524,15.2333,0.0,4.866,262.1
2018-03-07 17:54:56,AST1P1,07-Mar-2018 17:54:56,-7.9079,1.1952,989.0114,64.5588,13.91,2018-03-07 18:00:00,45.56,1587.0,695.3019,146.4005,292.8372,400.4524,15.2333,0.0,4.866,262.1
2018-11-29 17:18:50,AST1P1,29-Nov-2018 17:18:50,0.36044,0.078016,105.0062,33.382,12.11,2018-11-29 17:30:00,71.45,340.9,143.3876,22.53725,357.8509,387.8088,13.15819,0.0,2.785,208.4
2018-11-29 17:13:59,AST1P1,29-Nov-2018 17:13:59,-0.34039,0.089702,119.0477,37.4215,14.83,2018-11-29 17:00:00,57.34,891.0,391.7599,67.53268,353.5254,404.6953,15.65709,0.0,3.837,275.1
2018-11-29 17:08:59,AST1P1,29-Nov-2018 17:08:59,4.409,0.7267,1.2719,3.1155,14.83,2018-11-29 17:00:00,57.34,891.0,391.7599,67.53268,353.5254,404.6953,15.65709,0.0,3.837,275.1
2018-03-07 16:52:58,AST1P1,07-Mar-2018 16:52:58,-5.4496,0.83589,1089.7443,48.6777,13.93,2018-03-07 17:00:00,41.61,1647.0,718.5799,151.9329,293.5866,402.7068,15.4464,0.0,4.168,255.6
2018-11-29 17:03:26,AST1P1,29-Nov-2018 17:03:26,3.1723,0.47115,2.4655,6.4915,14.83,2018-11-29 17:00:00,57.34,891.0,391.7599,67.53268,353.5254,404.6953,15.65709,0.0,3.837,275.1
2018-07-16 17:46:13,AST1P1,16-Jul-2018 17:46:13,-1.2434,0.29704,369.1351,59.8064,0.333,2018-07-16 18:00:00,68.99,478.6,227.4747,71.99338,266.3188,314.1819,1.055018,0.0,3.265,314.4
2018-07-16 17:39:12,AST1P1,16-Jul-2018 17:39:12,0.056283,0.051269,15.6865,21.8169,0.219,2018-07-16 17:30:00,69.99,493.9,224.8316,74.76592,232.7532,311.8328,0.8674167,0.0,4.13,318.3
2018-07-16 17:34:34,AST1P1,16-Jul-2018 17:34:34,0.40295,0.074545,12.4181,22.6149,0.219,2018-07-16 17:30:00,69.99,493.9,224.8316,74.76592,232.7532,311.8328,0.8674167,0.0,4.13,318.3
2018-07-16 17:28:30,AST1P1,16-Jul-2018 17:28:30,0.45917,0.07217,12.2593,15.9904,0.219,2018-07-16 17:30:00,69.99,493.9,224.8316,74.76592,232.7532,311.8328,0.8674167,0.0,4.13,318.3
2018-07-16 17:23:43,AST1P1,16-Jul-2018 17:23:43,-1.3647,0.3385,216.0601,39.3405,0.219,2018-07-16 17:30:00,69.99,493.9,224.8316,74.76592,232.7532,311.8328,0.8674167,0.0,4.13,318.3
2018-07-16 17:17:26,AST1P1,16-Jul-2018 17:17:26,-0.68639,0.17591,198.4128,54.5237,0.219,2018-07-16 17:30:00,69.99,493.9,224.8316,74.76592,232.7532,311.8328,0.8674167,0.0,4.13,318.3
2018-07-16 17:12:05,AST1P1,16-Jul-2018 17:12:05,-1.2545,0.26469,242.4561,34.6634,0.287,2018-07-16 17:00:00,71.84,366.3,159.6776,52.76842,243.8527,311.9936,0.566419,0.0,3.127,296.3
2018-07-16 17:06:07,AST1P1,16-Jul-2018 17:06:07,-0.94339,0.1897,232.1812,40.7862,0.287,2018-07-16 17:00:00,71.84,366.3,159.6776,52.76842,243.8527,311.9936,0.566419,0.0,3.127,296.3
2018-07-16 17:02:19,AST1P1,16-Jul-2018 17:02:19,-1.1219,0.23771,254.6298,43.0221,0.287,2018-07-16 17:00:00,71.84,366.3,159.6776,52.76842,243.8527,311.9936,0.566419,0.0,3.127,296.3
2018-05-17 15:47:34,AST1P1,17-May-2018 15:47:34,-1.334,0.1942,272.1817,42.3829,4.476,2018-05-17 16:00:00,88.3,309.7,239.9982,47.0701,353.9704,330.6103,5.5925,0.0,1.032,57.12
2018-05-17 15:53:07,AST1P1,17-May-2018 15:53:07,-1.2754,0.28369,246.7441,19.9155,4.476,2018-05-17 16:00:00,88.3,309.7,239.9982,47.0701,353.9704,330.6103,5.5925,0.0,1.032,57.12
2018-05-17 16:00:23,AST1P1,17-May-2018 16:00:23,1.5579,0.42097,1.2719,3.1155,4.476,2018-05-17 16:00:00,88.3,309.7,239.9982,47.0701,353.9704,330.6103,5.5925,0.0,1.032,57.12
2018-05-17 16:06:23,AST1P1,17-May-2018 16:06:23,1.4803,0.24372,4.489,9.2125,4.476,2018-05-17 16:00:00,88.3,309.7,239.9982,47.0701,353.9704,330.6103,5.5925,0.0,1.032,57.12
2018-05-17 16:13:59,AST1P1,17-May-2018 16:13:59,-1.0488,0.24154,194.4064,31.8475,4.476,2018-05-17 16:00:00,88.3,309.7,239.9982,47.0701,353.9704,330.6103,5.5925,0.0,1.032,57.12
2018-07-16 17:49:35,AST1P1,16-Jul-2018 17:49:35,-1.3854,0.21405,277.7016,69.8689,0.333,2018-07-16 18:00:00,68.99,478.6,227.4747,71.99338,266.3188,314.1819,1.055018,0.0,3.265,314.4
2018-03-07 16:46:58,AST1P1,07-Mar-2018 16:46:58,-6.9074,1.1175,1045.3224,21.2819,13.93,2018-03-07 17:00:00,41.61,1647.0,718.5799,151.9329,293.5866,402.7068,15.4464,0.0,4.168,255.6
2018-03-07 17:46:02,AST1P1,07-Mar-2018 17:46:02,-6.5589,0.94847,1024.5734,16.3793,13.91,2018-03-07 18:00:00,45.56,1587.0,695.3019,146.4005,292.8372,400.4524,15.2333,0.0,4.866,262.1
2018-02-01 18:31:59,AST1P1,01-Feb-2018 18:31:59,0.11766,0.031709,112.116,46.9711,13.56,2018-02-01 18:30:00,60.47,309.9,110.6405,19.655,376.7727,378.7719,14.2177,0.0,1.242,0.0
2018-01-23 20:05:28,AST1P1,23-Jan-2018 20:05:28,-3.371,0.55085,234.7376,58.3719,9.45,2018-01-23 20:00:00,61.81,509.3,214.612,44.7667,349.2205,357.0098,9.4272,0.2,3.335,244.5
2018-01-23 19:55:32,AST1P1,23-Jan-2018 19:55:32,3.0874,0.50184,0.0,0.0,9.45,2018-01-23 20:00:00,61.81,509.3,214.612,44.7667,349.2205,357.0098,9.4272,0.2,3.335,244.5
2018-01-23 19:48:17,AST1P1,23-Jan-2018 19:48:17,2.688,0.41692,0.0,0.0,9.45,2018-01-23 20:00:00,61.81,509.3,214.612,44.7667,349.2205,357.0098,9.4272,0.2,3.335,244.5
2018-01-23 19:40:59,AST1P1,23-Jan-2018 19:40:59,2.5286,0.39937,0.0,0.0,9.57,2018-01-23 19:30:00,61.35,827.0,373.6084,75.5403,344.2315,360.7026,9.3961,0.0,4.188,252.5
2018-01-23 19:33:05,AST1P1,23-Jan-2018 19:33:05,-5.5838,0.83838,293.1931,13.7309,9.57,2018-01-23 19:30:00,61.35,827.0,373.6084,75.5403,344.2315,360.7026,9.3961,0.0,4.188,252.5
2018-02-01 18:14:17,AST1P1,01-Feb-2018 18:14:17,4.4245,0.63947,0.53868,1.8647,14.39,2018-02-01 18:00:00,55.91,647.8,246.2489,45.6157,378.5385,391.8427,15.8585,0.0,1.411,246.6
2018-02-01 18:20:59,AST1P1,01-Feb-2018 18:20:59,4.1966,0.63801,2.3984,6.3456,13.56,2018-02-01 18:30:00,60.47,309.9,110.6405,19.655,376.7727,378.7719,14.2177,0.0,1.242,0.0
2018-02-01 18:27:20,AST1P1,01-Feb-2018 18:27:20,-0.62769,0.24817,196.3778,42.7859,13.56,2018-02-01 18:30:00,60.47,309.9,110.6405,19.655,376.7727,378.7719,14.2177,0.0,1.242,0.0
2018-02-01 18:04:26,AST1P1,01-Feb-2018 18:04:26,-1.7256,0.27487,177.3505,30.4371,14.39,2018-02-01 18:00:00,55.91,647.8,246.2489,45.6157,378.5385,391.8427,15.8585,0.0,1.411,246.6
2018-01-23 19:29:10,AST1P1,23-Jan-2018 19:29:10,-6.4129,0.97151,390.9114,15.5099,9.57,2018-01-23 19:30:00,61.35,827.0,373.6084,75.5403,344.2315,360.7026,9.3961,0.0,4.188,252.5
2018-02-01 18:36:29,AST1P1,01-Feb-2018 18:36:29,0.20551,0.036776,109.9919,51.3682,13.56,2018-02-01 18:30:00,60.47,309.9,110.6405,19.655,376.7727,378.7719,14.2177,0.0,1.242,0.0
2018-02-01 17:51:32,AST1P1,01-Feb-2018 17:51:32,-3.5009,0.5062,256.563,42.8866,14.39,2018-02-01 18:00:00,55.91,647.8,246.2489,45.6157,378.5385,391.8427,15.8585,0.0,1.411,246.6
2018-02-01 18:43:05,AST1P1,01-Feb-2018 18:43:05,-1.0137,0.35273,217.3383,29.37,13.56,2018-02-01 18:30:00,60.47,309.9,110.6405,19.655,376.7727,378.7719,14.2177,0.0,1.242,0.0
2018-02-01 18:48:19,AST1P1,01-Feb-2018 18:48:19,-1.7028,0.30047,278.0324,33.9421,14.2,2018-02-01 19:00:00,59.63,415.0,154.3446,29.1082,378.8432,380.581,14.4634,0.0,1.447,294.0
2018-02-01 18:51:11,AST1P1,01-Feb-2018 18:51:11,-2.0054,0.32121,245.7266,40.2984,14.2,2018-02-01 19:00:00,59.63,415.0,154.3446,29.1082,378.8432,380.581,14.4634,0.0,1.447,294.0
2018-02-01 18:55:59,AST1P1,01-Feb-2018 18:55:59,-2.2616,0.32775,298.9166,70.4521,14.2,2018-02-01 19:00:00,59.63,415.0,154.3446,29.1082,378.8432,380.581,14.4634,0.0,1.447,294.0
2018-02-01 19:00:59,AST1P1,01-Feb-2018 19:00:59,-3.5393,0.53211,430.594,44.9916,14.2,2018-02-01 19:00:00,59.63,415.0,154.3446,29.1082,378.8432,380.581,14.4634,0.0,1.447,294.0
2018-02-01 18:07:10,AST1P1,01-Feb-2018 18:07:10,-0.1372,0.031869,102.2589,44.4867,14.39,2018-02-01 18:00:00,55.91,647.8,246.2489,45.6157,378.5385,391.8427,15.8585,0.0,1.411,246.6
2019-01-17 18:57:04,AST1P1,17-Jan-2019 18:57:04,4.5781,0.6851,0.0,0.0,10.22,2019-01-17 19:00:00,72.38,168.9,69.5372,11.77752,348.9114,370.622,11.01488,0.0,2.505,128.1
2019-01-17 18:51:22,AST1P1,17-Jan-2019 18:51:22,2.4807,0.40329,3.8156,6.3848,10.22,2019-01-17 19:00:00,72.38,168.9,69.5372,11.77752,348.9114,370.622,11.01488,0.0,2.505,128.1
2019-01-17 18:41:15,AST1P1,17-Jan-2019 18:41:15,0.18656,0.039141,53.2198,22.6488,10.25,2019-01-17 18:30:00,72.26,268.7,114.0086,19.86405,347.8143,372.4914,11.17995,0.0,4.409,156.4
2018-01-23 20:11:11,AST1P1,23-Jan-2018 20:11:11,-2.2687,0.35592,161.9735,34.4719,9.45,2018-01-23 20:00:00,61.81,509.3,214.612,44.7667,349.2205,357.0098,9.4272,0.2,3.335,244.5
2018-02-01 17:43:59,AST1P1,01-Feb-2018 17:43:59,-3.7079,0.70408,413.3092,14.2931,14.11,2018-02-01 17:30:00,59.41,891.0,351.7124,67.4831,375.5442,392.6537,15.134,0.0,1.551,255.8
2018-02-01 17:56:50,AST1P1,01-Feb-2018 17:56:50,-3.415,0.5066,264.8896,51.9941,14.39,2018-02-01 18:00:00,55.91,647.8,246.2489,45.6157,378.5385,391.8427,15.8585,0.0,1.411,246.6
2018-11-29 13:33:59,AST1P2,29-Nov-2018 13:33:59,-7.3977,1.0063,1369.5573,15.0124,17.95,2018-11-29 13:30:00,44.34,1798.0,826.955,149.8364,317.8756,435.2712,19.11529,0.0,4.508,301.4
2018-11-29 14:14:58,AST1P2,29-Nov-2018 14:14:58,-6.2598,0.87892,570.8184,33.7275,17.98,2018-11-29 14:00:00,45.15,1871.0,869.978,155.652,325.5855,433.9045,19.03533,0.0,7.022,311.9
2018-03-14 16:39:17,AST1P2,14-Mar-2018 16:39:17,1.5758,0.29546,0.0,0.0,7.724,2018-03-14 16:30:00,66.98,678.7,309.1796,66.5788,331.2846,352.4616,8.0083,0.0,4.538,274.0
2019-01-18 15:55:20,AST1P2,18-Jan-2019 15:55:20,3.5622,0.52975,3.8156,9.3464,,2019-01-18 16:00:00,,,,,,,,,,
2019-01-18 16:25:41,AST1P2,18-Jan-2019 16:25:41,-8.7957,1.2412,783.6613,32.1282,,2019-01-18 16:30:00,,,,,,,,,,
2019-01-18 16:32:58,AST1P2,18-Jan-2019 16:32:58,-9.073,1.2483,916.0059,18.351,,2019-01-18 16:30:00,,,,,,,,,,
2018-03-14 18:56:02,AST1P2,14-Mar-2018 18:56:02,-6.6905,0.90477,506.3343,66.8459,9.03,2018-03-14 19:00:00,62.4,1201.0,532.4238,113.3814,294.0683,364.8231,9.8888,0.0,6.191,272.0
2018-03-14 18:51:35,AST1P2,14-Mar-2018 18:51:35,-6.7109,1.1383,942.2429,30.675,9.03,2018-03-14 19:00:00,62.4,1201.0,532.4238,113.3814,294.0683,364.8231,9.8888,0.0,6.191,272.0
2018-11-29 14:21:23,AST1P2,29-Nov-2018 14:21:23,-5.0156,0.7061,432.4382,31.2888,15.67,2018-11-29 14:30:00,52.3,934.0,423.9497,74.31904,336.0017,406.4688,16.23883,0.0,6.586,315.4
2018-03-14 16:56:04,AST1P2,14-Mar-2018 16:56:04,-5.3319,0.72665,362.2306,55.0721,8.08,2018-03-14 17:00:00,60.65,667.0,294.391,62.7829,324.7211,354.1423,8.6187,0.0,5.383,269.2
2018-03-14 16:51:19,AST1P2,14-Mar-2018 16:51:19,1.8664,0.29977,2.5437,6.2309,8.08,2018-03-14 17:00:00,60.65,667.0,294.391,62.7829,324.7211,354.1423,8.6187,0.0,5.383,269.2
2018-03-14 16:44:59,AST1P2,14-Mar-2018 16:44:59,2.2462,0.32965,5.2329,12.5505,7.724,2018-03-14 16:30:00,66.98,678.7,309.1796,66.5788,331.2846,352.4616,8.0083,0.0,4.538,274.0
2018-03-14 16:34:07,AST1P2,14-Mar-2018 16:34:07,-6.1655,0.83586,449.8629,19.0061,7.724,2018-03-14 16:30:00,66.98,678.7,309.1796,66.5788,331.2846,352.4616,8.0083,0.0,4.538,274.0
2018-03-14 16:29:23,AST1P2,14-Mar-2018 16:29:23,-4.8697,0.72819,513.5839,23.9918,7.724,2018-03-14 16:30:00,66.98,678.7,309.1796,66.5788,331.2846,352.4616,8.0083,0.0,4.538,274.0
2018-03-14 16:23:01,AST1P2,14-Mar-2018 16:23:01,-7.009,0.95074,745.32,69.8728,7.724,2018-03-14 16:30:00,66.98,678.7,309.1796,66.5788,331.2846,352.4616,8.0083,0.0,4.538,274.0
2018-03-14 16:18:08,AST1P2,14-Mar-2018 16:18:08,-7.0067,1.1589,599.2721,16.7043,7.724,2018-03-14 16:30:00,66.98,678.7,309.1796,66.5788,331.2846,352.4616,8.0083,0.0,4.538,274.0
2019-01-18 15:47:58,AST1P2,18-Jan-2019 15:47:58,3.4062,0.4849,7.6313,12.1143,,2019-01-18 16:00:00,,,,,,,,,,
2019-01-18 15:39:11,AST1P2,18-Jan-2019 15:39:11,-8.7196,1.2467,567.2839,47.486,,2019-01-18 15:30:00,,,,,,,,,,
2019-01-18 15:34:20,AST1P2,18-Jan-2019 15:34:20,-8.9954,1.2298,608.2116,56.4239,,2019-01-18 15:30:00,,,,,,,,,,
2018-03-14 18:46:20,AST1P2,14-Mar-2018 18:46:20,-6.0072,1.0423,953.3991,42.677,9.03,2018-03-14 19:00:00,62.4,1201.0,532.4238,113.3814,294.0683,364.8231,9.8888,0.0,6.191,272.0
2018-07-16 16:40:05,AST2P1,16-Jul-2018 16:40:05,0.27771,0.078678,8.1655,12.0001,0.166,2018-07-16 16:30:00,72.95,338.9,153.4424,46.70762,289.2889,315.0609,0.503211,0.0,2.899,294.4
2018-07-16 16:33:51,AST2P1,16-Jul-2018 16:33:51,0.23156,0.051648,12.8714,20.9487,0.166,2018-07-16 16:30:00,72.95,338.9,153.4424,46.70762,289.2889,315.0609,0.503211,0.0,2.899,294.4
2018-07-16 16:26:43,AST2P1,16-Jul-2018 16:26:43,-0.2702,0.083289,128.6574,51.8301,0.166,2018-07-16 16:30:00,72.95,338.9,153.4424,46.70762,289.2889,315.0609,0.503211,0.0,2.899,294.4
2018-07-16 16:47:50,AST2P1,16-Jul-2018 16:47:50,-0.73069,0.11916,252.5499,49.2856,0.287,2018-07-16 17:00:00,71.84,366.3,159.6776,52.76842,243.8527,311.9936,0.566419,0.0,3.127,296.3
2019-01-17 16:48:17,AST2P1,17-Jan-2019 16:48:17,-7.5608,1.0686,539.2032,34.9121,13.57,2019-01-17 17:00:00,55.97,1134.0,525.1799,91.74158,343.7193,403.0904,14.65963,0.0,5.754,265.8
2019-01-17 17:23:59,AST2P1,17-Jan-2019 17:23:59,3.0669,0.42912,4.8331,11.8387,12.25,2019-01-17 17:30:00,62.15,407.9,176.7457,30.76234,350.2423,382.8285,12.98407,0.0,4.509,195.9
2018-11-29 16:15:47,AST2P1,29-Nov-2018 16:15:47,-6.2902,0.93172,439.3526,61.3479,14.65,2018-11-29 16:30:00,57.32,756.5,327.442,57.10345,349.5798,398.8543,15.15617,0.0,3.966,286.9
2018-11-29 16:21:59,AST2P1,29-Nov-2018 16:21:59,-6.9835,1.0102,507.4789,20.1327,14.65,2018-11-29 16:30:00,57.32,756.5,327.442,57.10345,349.5798,398.8543,15.15617,0.0,3.966,286.9
2018-11-29 16:30:22,AST2P1,29-Nov-2018 16:30:22,3.2986,0.53034,2.5437,6.2309,14.65,2018-11-29 16:30:00,57.32,756.5,327.442,57.10345,349.5798,398.8543,15.15617,0.0,3.966,286.9
2018-11-29 16:35:08,AST2P1,29-Nov-2018 16:35:08,2.8132,0.4192,7.822,14.4894,14.65,2018-11-29 16:30:00,57.32,756.5,327.442,57.10345,349.5798,398.8543,15.15617,0.0,3.966,286.9
2019-01-17 16:33:41,AST2P1,17-Jan-2019 16:33:41,-11.0013,1.5028,1047.6197,123.2669,13.05,2019-01-17 16:30:00,56.58,1543.0,719.5739,124.3503,324.0371,408.7719,14.59643,0.0,4.363,268.3
2018-07-16 16:21:21,AST2P1,16-Jul-2018 16:21:21,-0.97577,0.27654,198.4128,39.115,0.166,2018-07-16 16:30:00,72.95,338.9,153.4424,46.70762,289.2889,315.0609,0.503211,0.0,2.899,294.4
2019-01-17 17:31:11,AST2P1,17-Jan-2019 17:31:11,2.8667,0.40541,1.5263,3.7386,12.25,2019-01-17 17:30:00,62.15,407.9,176.7457,30.76234,350.2423,382.8285,12.98407,0.0,4.509,195.9
2018-07-16 16:52:00,AST2P1,16-Jul-2018 16:52:00,-0.47416,0.20177,234.4706,33.9907,0.287,2018-07-16 17:00:00,71.84,366.3,159.6776,52.76842,243.8527,311.9936,0.566419,0.0,3.127,296.3
2018-05-17 16:51:29,AST2P1,17-May-2018 16:51:29,-0.40176,0.07626,163.3817,24.4937,4.272,2018-05-17 17:00:00,88.9,198.8,126.2281,24.682,347.2378,325.8933,4.3567,0.0,0.649,0.0
2019-01-17 16:40:58,AST2P1,17-Jan-2019 16:40:58,-8.547,1.185,544.0,55.2049,13.05,2019-01-17 16:30:00,56.58,1543.0,719.5739,124.3503,324.0371,408.7719,14.59643,0.0,4.363,268.3
2018-05-17 16:38:06,AST2P1,17-May-2018 16:38:06,-0.83122,0.24872,23.4025,19.8706,4.43,2018-05-17 16:30:00,87.0,207.2,134.1113,24.1068,350.7447,329.3429,5.0078,0.0,0.898,35.67
2018-03-07 18:12:59,AST2P1,07-Mar-2018 18:12:59,-5.0596,0.75287,963.4469,30.2706,13.91,2018-03-07 18:00:00,45.56,1587.0,695.3019,146.4005,292.8372,400.4524,15.2333,0.0,4.866,262.1
2018-03-07 18:17:58,AST2P1,07-Mar-2018 18:17:58,-4.9354,0.78979,859.5854,23.9724,13.9,2018-03-07 18:30:00,45.43,1514.0,663.5059,139.9579,293.3074,397.7724,15.1535,0.0,5.188,263.0
2018-03-07 18:23:22,AST2P1,07-Mar-2018 18:23:22,-5.1865,0.82165,961.0303,15.6146,13.9,2018-03-07 18:30:00,45.43,1514.0,663.5059,139.9579,293.3074,397.7724,15.1535,0.0,5.188,263.0
2018-03-07 18:29:02,AST2P1,07-Mar-2018 18:29:02,-4.8304,0.7113,933.1025,26.1164,13.9,2018-03-07 18:30:00,45.43,1514.0,663.5059,139.9579,293.3074,397.7724,15.1535,0.0,5.188,263.0
2018-03-07 18:33:59,AST2P1,07-Mar-2018 18:33:59,-4.8412,0.72595,837.3403,25.3158,13.9,2018-03-07 18:30:00,45.43,1514.0,663.5059,139.9579,293.3074,397.7724,15.1535,0.0,5.188,263.0
2018-03-07 18:41:23,AST2P1,07-Mar-2018 18:41:23,3.1502,0.52016,2.5437,6.2309,13.9,2018-03-07 18:30:00,45.43,1514.0,663.5059,139.9579,293.3074,397.7724,15.1535,0.0,5.188,263.0
2018-03-07 19:35:58,AST2P1,07-Mar-2018 19:35:58,-0.039437,0.026064,674.749,120.7293,13.74,2018-03-07 19:30:00,43.25,1296.0,570.6882,121.4666,293.259,389.8107,14.8123,0.0,5.514,268.5
2018-02-01 19:58:53,AST2P1,01-Feb-2018 19:58:53,-2.5311,0.37492,235.5815,32.9912,14.22,2018-02-01 20:00:00,66.57,471.4,181.0915,32.9401,380.5782,384.6934,15.0505,0.0,2.018,258.5
2018-03-07 19:41:05,AST2P1,07-Mar-2018 19:41:05,0.045711,0.030617,689.9424,124.3867,13.74,2018-03-07 19:30:00,43.25,1296.0,570.6882,121.4666,293.259,389.8107,14.8123,0.0,5.514,268.5
2018-02-01 19:53:13,AST2P1,01-Feb-2018 19:53:13,4.1758,0.62258,4.7968,12.6911,14.22,2018-02-01 20:00:00,66.57,471.4,181.0915,32.9401,380.5782,384.6934,15.0505,0.0,2.018,258.5
2018-02-01 19:44:56,AST2P1,01-Feb-2018 19:44:56,4.3152,0.65968,1.3082,2.8456,15.2,2018-02-01 19:30:00,59.44,842.0,331.812,62.1279,379.4131,393.1966,16.0629,0.0,2.445,257.4
2018-02-01 19:39:14,AST2P1,01-Feb-2018 19:39:14,4.3925,0.67861,5.2465,11.9005,15.2,2018-02-01 19:30:00,59.44,842.0,331.812,62.1279,379.4131,393.1966,16.0629,0.0,2.445,257.4
2018-02-01 19:33:11,AST2P1,01-Feb-2018 19:33:11,-2.0786,0.37044,245.8962,36.9425,15.2,2018-02-01 19:30:00,59.44,842.0,331.812,62.1279,379.4131,393.1966,16.0629,0.0,2.445,257.4
2018-02-01 19:29:22,AST2P1,01-Feb-2018 19:29:22,-2.6526,0.51105,240.3848,15.5872,15.2,2018-02-01 19:30:00,59.44,842.0,331.812,62.1279,379.4131,393.1966,16.0629,0.0,2.445,257.4
2018-03-07 18:07:59,AST2P1,07-Mar-2018 18:07:59,-5.1816,0.76203,901.5573,24.8831,13.91,2018-03-07 18:00:00,45.56,1587.0,695.3019,146.4005,292.8372,400.4524,15.2333,0.0,4.866,262.1
2018-03-07 18:03:11,AST2P1,07-Mar-2018 18:03:11,-4.8878,0.76032,970.5058,45.8851,13.91,2018-03-07 18:00:00,45.56,1587.0,695.3019,146.4005,292.8372,400.4524,15.2333,0.0,4.866,262.1
2018-02-01 19:21:40,AST2P1,01-Feb-2018 19:21:40,-3.9276,0.59499,333.5555,143.392,15.2,2018-02-01 19:30:00,59.44,842.0,331.812,62.1279,379.4131,393.1966,16.0629,0.0,2.445,257.4
2018-02-01 19:15:02,AST2P1,01-Feb-2018 19:15:02,-4.8388,0.71271,481.6174,53.3694,15.2,2018-02-01 19:30:00,59.44,842.0,331.812,62.1279,379.4131,393.1966,16.0629,0.0,2.445,257.4
2018-02-01 19:09:20,AST2P1,01-Feb-2018 19:09:20,-3.0078,0.46121,403.185,49.8916,14.2,2018-02-01 19:00:00,59.63,415.0,154.3446,29.1082,378.8432,380.581,14.4634,0.0,1.447,294.0
2018-01-23 20:33:08,AST2P1,23-Jan-2018 20:33:08,2.8972,0.44235,0.38156,1.0792,9.1,2018-01-23 20:30:00,63.51,300.3,122.9233,25.9572,348.2305,353.0967,8.9922,0.0,2.782,198.9
2018-01-23 20:22:57,AST2P1,23-Jan-2018 20:22:57,-1.0387,0.25226,120.5739,43.723,9.1,2018-01-23 20:30:00,63.51,300.3,122.9233,25.9572,348.2305,353.0967,8.9922,0.0,2.782,198.9
2018-01-23 20:18:22,AST2P1,23-Jan-2018 20:18:22,-0.29014,0.058729,103.7852,18.0007,9.1,2018-01-23 20:30:00,63.51,300.3,122.9233,25.9572,348.2305,353.0967,8.9922,0.0,2.782,198.9
2018-05-17 16:45:10,AST2P1,17-May-2018 16:45:10,-0.091394,0.029044,121.8458,42.545,4.272,2018-05-17 17:00:00,88.9,198.8,126.2281,24.682,347.2378,325.8933,4.3567,0.0,0.649,0.0
2018-05-17 16:19:55,AST2P1,17-May-2018 16:19:55,-0.40558,0.13367,174.711,30.0449,4.43,2018-05-17 16:30:00,87.0,207.2,134.1113,24.1068,350.7447,329.3429,5.0078,0.0,0.898,35.67
2018-05-17 16:26:33,AST2P1,17-May-2018 16:26:33,-0.49809,0.09928,128.2855,24.4543,4.43,2018-05-17 16:30:00,87.0,207.2,134.1113,24.1068,350.7447,329.3429,5.0078,0.0,0.898,35.67
2018-05-17 16:32:05,AST2P1,17-May-2018 16:32:05,0.86956,0.1483,1.6111,4.5479,4.43,2018-05-17 16:30:00,87.0,207.2,134.1113,24.1068,350.7447,329.3429,5.0078,0.0,0.898,35.67
2019-01-18 16:01:10,AST2P2,18-Jan-2019 16:01:10,4.0878,0.57969,5.0148,13.5382,,2019-01-18 16:00:00,,,,,,,,,,
2019-01-18 16:09:58,AST2P2,18-Jan-2019 16:09:58,4.6807,0.67425,1.9623,5.1918,,2019-01-18 16:00:00,,,,,,,,,,
2019-01-18 16:52:59,AST2P2,18-Jan-2019 16:52:59,-8.2822,1.1767,887.4067,127.8225,,2019-01-18 17:00:00,,,,,,,,,,
2019-01-18 17:03:08,AST2P2,18-Jan-2019 17:03:08,-8.3151,1.4367,1176.3244,285.4566,,2019-01-18 17:00:00,,,,,,,,,,
2019-01-18 15:22:08,AST2P2,18-Jan-2019 15:22:08,-8.9169,1.3568,734.1968,36.3762,,2019-01-18 15:30:00,,,,,,,,,,
2019-01-18 15:16:10,AST2P2,18-Jan-2019 15:16:10,-11.1486,1.5693,993.7813,70.9267,,2019-01-18 15:30:00,,,,,,,,,,
2019-01-18 15:27:58,AST2P2,18-Jan-2019 15:27:58,-9.0044,1.2776,629.4701,24.4178,,2019-01-18 15:30:00,,,,,,,,,,
2018-11-29 14:26:08,AST2P2,29-Nov-2018 14:26:08,-5.7983,0.82198,361.3403,43.9993,15.67,2018-11-29 14:30:00,52.3,934.0,423.9497,74.31904,336.0017,406.4688,16.23883,0.0,6.586,315.4
2018-03-14 20:20:08,AST2P2,14-Mar-2018 20:20:08,2.2333,0.35479,6.5411,12.5461,8.39,2018-03-14 20:30:00,67.58,459.2,209.7896,46.3905,326.2081,349.5357,8.5959,0.0,7.462,261.1
2018-03-14 20:14:39,AST2P2,14-Mar-2018 20:14:39,2.2402,0.39174,2.2894,7.7072,8.75,2018-03-14 20:00:00,64.11,741.8,332.6501,71.158,323.0159,356.24,9.2436,0.0,6.428,268.5
2018-03-14 20:03:07,AST2P2,14-Mar-2018 20:03:07,-4.7768,0.73897,337.6071,27.6711,8.75,2018-03-14 20:00:00,64.11,741.8,332.6501,71.158,323.0159,356.24,9.2436,0.0,6.428,268.5
2018-03-14 19:58:59,AST2P2,14-Mar-2018 19:58:59,-5.9914,0.84839,607.4485,119.1919,8.75,2018-03-14 20:00:00,64.11,741.8,332.6501,71.158,323.0159,356.24,9.2436,0.0,6.428,268.5
2018-03-14 19:53:05,AST2P2,14-Mar-2018 19:53:05,-5.7947,0.86537,611.1878,131.3711,8.75,2018-03-14 20:00:00,64.11,741.8,332.6501,71.158,323.0159,356.24,9.2436,0.0,6.428,268.5
2018-03-14 19:49:17,AST2P2,14-Mar-2018 19:49:17,-3.9302,0.60571,243.5463,41.132,8.75,2018-03-14 20:00:00,64.11,741.8,332.6501,71.158,323.0159,356.24,9.2436,0.0,6.428,268.5
2018-03-14 19:42:58,AST2P2,14-Mar-2018 19:42:58,-5.9759,0.84484,640.7716,131.0745,8.34,2018-03-14 19:30:00,68.12,638.2,283.0498,60.958,320.8532,354.4792,8.8077,0.0,6.083,274.6
2018-03-14 19:38:59,AST2P2,14-Mar-2018 19:38:59,-3.6759,0.52506,288.2709,22.7031,8.34,2018-03-14 19:30:00,68.12,638.2,283.0498,60.958,320.8532,354.4792,8.8077,0.0,6.083,274.6
2018-03-14 19:33:07,AST2P2,14-Mar-2018 19:33:07,-6.2185,0.87807,719.2665,167.0321,8.34,2018-03-14 19:30:00,68.12,638.2,283.0498,60.958,320.8532,354.4792,8.8077,0.0,6.083,274.6
2018-03-14 20:09:19,AST2P2,14-Mar-2018 20:09:19,2.2764,0.3458,2.2894,5.6078,8.75,2018-03-14 20:00:00,64.11,741.8,332.6501,71.158,323.0159,356.24,9.2436,0.0,6.428,268.5
2018-03-14 19:15:58,AST2P2,14-Mar-2018 19:15:58,-5.1312,0.73063,330.6881,32.0149,8.34,2018-03-14 19:30:00,68.12,638.2,283.0498,60.958,320.8532,354.4792,8.8077,0.0,6.083,274.6
2018-03-14 19:10:26,AST2P2,14-Mar-2018 19:10:26,-2.6491,0.45431,183.4556,19.5277,9.03,2018-03-14 19:00:00,62.4,1201.0,532.4238,113.3814,294.0683,364.8231,9.8888,0.0,6.191,272.0
2018-11-29 13:24:16,AST2P2,29-Nov-2018 13:24:16,-7.8086,1.125,1272.0226,32.1584,17.95,2018-11-29 13:30:00,44.34,1798.0,826.955,149.8364,317.8756,435.2712,19.11529,0.0,4.508,301.4
2018-11-29 13:29:08,AST2P2,29-Nov-2018 13:29:08,-7.6982,1.076,1362.7025,30.3816,17.95,2018-11-29 13:30:00,44.34,1798.0,826.955,149.8364,317.8756,435.2712,19.11529,0.0,4.508,301.4
2018-03-14 19:05:59,AST2P2,14-Mar-2018 19:05:59,-4.1788,0.61765,203.3731,16.6436,9.03,2018-03-14 19:00:00,62.4,1201.0,532.4238,113.3814,294.0683,364.8231,9.8888,0.0,6.191,272.0
2018-03-14 19:01:01,AST2P2,14-Mar-2018 19:01:01,-7.342,1.1014,349.8171,94.6424,9.03,2018-03-14 19:00:00,62.4,1201.0,532.4238,113.3814,294.0683,364.8231,9.8888,0.0,6.191,272.0
2018-11-29 14:09:32,AST2P2,29-Nov-2018 14:09:32,-7.1482,1.0491,703.1445,28.9887,17.98,2018-11-29 14:00:00,45.15,1871.0,869.978,155.652,325.5855,433.9045,19.03533,0.0,7.022,311.9
2018-03-14 19:19:59,AST2P2,14-Mar-2018 19:19:59,-6.9572,0.98362,816.327,85.3994,8.34,2018-03-14 19:30:00,68.12,638.2,283.0498,60.958,320.8532,354.4792,8.8077,0.0,6.083,274.6
2019-01-18 19:12:58,ASTP3,18-Jan-2019 19:12:58,5.4695,0.77591,7.4405,14.7624,,2019-01-18 19:00:00,,,,,,,,,,
2019-01-18 19:06:02,ASTP3,18-Jan-2019 19:06:02,5.4681,0.75351,3.3578,7.0227,,2019-01-18 19:00:00,,,,,,,,,,
2019-01-18 18:07:32,ASTP3,18-Jan-2019 18:07:32,-3.1318,0.47648,1121.3376,99.3849,,2019-01-18 18:00:00,,,,,,,,,,
2019-01-18 18:15:59,ASTP3,18-Jan-2019 18:15:59,-3.4466,0.54733,1238.096,60.0634,,2019-01-18 18:30:00,,,,,,,,,,
2019-01-18 18:23:20,ASTP3,18-Jan-2019 18:23:20,-3.6024,0.57151,1149.0391,20.5979,,2019-01-18 18:30:00,,,,,,,,,,
2018-03-07 15:45:02,AST_Treat_20,07-Mar-2018 15:45:02,-2.9688,0.44839,1046.355,56.7104,13.29,2018-03-07 16:00:00,40.67,1349.0,579.1556,125.4303,294.4509,389.7803,14.1899,0.0,2.955,276.3
2018-03-07 15:30:26,AST_Treat_20,07-Mar-2018 15:30:26,-3.7476,0.57034,1026.5575,163.0221,12.41,2018-03-07 15:30:00,42.7,474.5,195.364,39.1999,304.0385,364.4555,12.6792,0.0,3.913,290.3
2018-03-07 15:21:59,AST_Treat_20,07-Mar-2018 15:21:59,2.7881,0.41742,0.0,0.0,12.41,2018-03-07 15:30:00,42.7,474.5,195.364,39.1999,304.0385,364.4555,12.6792,0.0,3.913,290.3
2018-03-07 15:37:05,AST_Treat_20,07-Mar-2018 15:37:05,-3.1011,0.46868,941.6216,278.9731,12.41,2018-03-07 15:30:00,42.7,474.5,195.364,39.1999,304.0385,364.4555,12.6792,0.0,3.913,290.3
2018-03-07 15:51:25,AST_Treat_20,07-Mar-2018 15:51:25,-3.3674,0.52106,1075.3974,45.9984,13.29,2018-03-07 16:00:00,40.67,1349.0,579.1556,125.4303,294.4509,389.7803,14.1899,0.0,2.955,276.3
2018-03-07 16:00:52,AST_Treat_20,07-Mar-2018 16:00:52,-3.3716,0.48461,1062.5624,38.5984,13.29,2018-03-07 16:00:00,40.67,1349.0,579.1556,125.4303,294.4509,389.7803,14.1899,0.0,2.955,276.3
2018-03-07 15:17:34,AST_Treat_20,07-Mar-2018 15:17:34,2.9562,0.42824,0.0,0.0,12.41,2018-03-07 15:30:00,42.7,474.5,195.364,39.1999,304.0385,364.4555,12.6792,0.0,3.913,290.3
2018-03-07 15:56:11,AST_Treat_20,07-Mar-2018 15:56:11,-3.6278,0.53427,1084.7841,6.5136,13.29,2018-03-07 16:00:00,40.67,1349.0,579.1556,125.4303,294.4509,389.7803,14.1899,0.0,2.955,276.3
2018-03-07 15:10:23,AST_Treat_20,07-Mar-2018 15:10:23,-2.2598,0.35239,210.6228,18.2641,13.47,2018-03-07 15:00:00,41.1,1294.0,558.0182,124.242,298.3839,383.5257,14.1483,0.0,6.424,317.6
2018-03-06 19:29:59,AST_Treat_20,06-Mar-2018 19:29:59,-1.9107,0.29189,161.592,51.6576,9.67,2018-03-06 19:30:00,64.55,388.7,161.3025,32.8162,344.7948,360.7354,10.2874,0.0,2.705,137.6
2018-03-07 14:59:58,AST_Treat_20,07-Mar-2018 14:59:58,-3.2027,0.47264,265.5679,29.4966,13.47,2018-03-07 15:00:00,41.1,1294.0,558.0182,124.242,298.3839,383.5257,14.1483,0.0,6.424,317.6
2018-03-07 14:56:01,AST_Treat_20,07-Mar-2018 14:56:01,-2.8616,0.44361,277.2692,35.5489,13.47,2018-03-07 15:00:00,41.1,1294.0,558.0182,124.242,298.3839,383.5257,14.1483,0.0,6.424,317.6
2018-03-06 18:42:25,AST_Treat_20,06-Mar-2018 18:42:25,-3.376,0.48726,280.9322,13.5591,9.83,2018-03-06 18:30:00,65.96,434.8,183.522,37.7978,342.7191,360.6505,10.4009,0.0,4.125,162.3
2018-03-06 18:47:59,AST_Treat_20,06-Mar-2018 18:47:59,-3.6587,0.53682,363.4389,13.3913,9.69,2018-03-06 19:00:00,65.4,523.3,218.7102,45.2242,343.0416,360.9433,10.1527,0.0,3.895,168.0
2018-03-06 18:52:59,AST_Treat_20,06-Mar-2018 18:52:59,-3.803,0.62132,456.3494,130.1438,9.69,2018-03-06 19:00:00,65.4,523.3,218.7102,45.2242,343.0416,360.9433,10.1527,0.0,3.895,168.0
2018-03-06 18:58:23,AST_Treat_20,06-Mar-2018 18:58:23,-2.5427,0.39244,329.6705,25.6483,9.69,2018-03-06 19:00:00,65.4,523.3,218.7102,45.2242,343.0416,360.9433,10.1527,0.0,3.895,168.0
2018-03-06 19:07:59,AST_Treat_20,06-Mar-2018 19:07:59,-2.6948,0.39542,281.9751,8.1887,9.69,2018-03-06 19:00:00,65.4,523.3,218.7102,45.2242,343.0416,360.9433,10.1527,0.0,3.895,168.0
2018-03-06 19:13:02,AST_Treat_20,06-Mar-2018 19:13:02,-2.3435,0.35558,175.2138,75.3789,9.69,2018-03-06 19:00:00,65.4,523.3,218.7102,45.2242,343.0416,360.9433,10.1527,0.0,3.895,168.0
2018-03-06 19:18:17,AST_Treat_20,06-Mar-2018 19:18:17,2.1852,0.34941,14.4994,45.8511,9.67,2018-03-06 19:30:00,64.55,388.7,161.3025,32.8162,344.7948,360.7354,10.2874,0.0,2.705,137.6
2018-03-06 19:23:59,AST_Treat_20,06-Mar-2018 19:23:59,1.8549,0.30753,0.0,0.0,9.67,2018-03-06 19:30:00,64.55,388.7,161.3025,32.8162,344.7948,360.7354,10.2874,0.0,2.705,137.6
2018-03-06 19:39:17,AST_Treat_20,06-Mar-2018 19:39:17,-2.3638,0.37304,198.8489,60.9337,9.67,2018-03-06 19:30:00,64.55,388.7,161.3025,32.8162,344.7948,360.7354,10.2874,0.0,2.705,137.6
2018-03-06 19:33:59,AST_Treat_20,06-Mar-2018 19:33:59,-2.0487,0.31502,183.1503,15.3235,9.67,2018-03-06 19:30:00,64.55,388.7,161.3025,32.8162,344.7948,360.7354,10.2874,0.0,2.705,137.6
2018-03-07 15:04:59,AST_Treat_20,07-Mar-2018 15:04:59,-3.0469,0.45476,267.9663,15.2079,13.47,2018-03-07 15:00:00,41.1,1294.0,558.0182,124.242,298.3839,383.5257,14.1483,0.0,6.424,317.6
2018-11-28 16:28:41,AST_Treat_20,28-Nov-2018 16:28:41,-1.4001,0.20747,1467.9496,101.0142,15.19,2018-11-28 16:30:00,44.62,2214.0,1047.759,173.1988,307.8984,465.8192,19.38289,0.0,1.713,218.2
2019-01-17 21:44:20,AST_Treat_20,17-Jan-2019 21:44:20,4.9816,1.4607,0.21804,0.57689,12.93,2019-01-17 21:30:00,57.96,871.0,418.9811,73.5348,337.3135,395.4375,14.18947,0.0,4.782,247.0
2019-01-17 21:35:59,AST_Treat_20,17-Jan-2019 21:35:59,0.83922,0.17472,0.17956,0.74034,12.93,2019-01-17 21:30:00,57.96,871.0,418.9811,73.5348,337.3135,395.4375,14.18947,0.0,4.782,247.0
2019-01-17 21:27:11,AST_Treat_20,17-Jan-2019 21:27:11,-5.0558,0.88431,759.1199,178.7015,12.93,2019-01-17 21:30:00,57.96,871.0,418.9811,73.5348,337.3135,395.4375,14.18947,0.0,4.782,247.0
2019-01-17 21:22:22,AST_Treat_20,17-Jan-2019 21:22:22,-4.3114,0.65308,374.4406,28.9854,12.93,2019-01-17 21:30:00,57.96,871.0,418.9811,73.5348,337.3135,395.4375,14.18947,0.0,4.782,247.0
2019-01-17 21:14:47,AST_Treat_20,17-Jan-2019 21:14:47,2.1677,0.33764,0.0,0.0,13.16,2019-01-17 21:00:00,54.95,1347.0,654.9175,117.3267,334.8012,410.2303,15.31929,0.0,2.47,224.4
2019-01-17 21:05:50,AST_Treat_20,17-Jan-2019 21:05:50,-3.4861,0.53139,477.1574,123.3539,13.16,2019-01-17 21:00:00,54.95,1347.0,654.9175,117.3267,334.8012,410.2303,15.31929,0.0,2.47,224.4
2019-01-17 21:01:23,AST_Treat_20,17-Jan-2019 21:01:23,-4.6821,0.69173,767.7049,217.4275,13.16,2019-01-17 21:00:00,54.95,1347.0,654.9175,117.3267,334.8012,410.2303,15.31929,0.0,2.47,224.4
2019-01-17 20:55:59,AST_Treat_20,17-Jan-2019 20:55:59,-4.4805,0.68744,853.6113,318.5542,13.16,2019-01-17 21:00:00,54.95,1347.0,654.9175,117.3267,334.8012,410.2303,15.31929,0.0,2.47,224.4
2019-01-17 20:48:35,AST_Treat_20,17-Jan-2019 20:48:35,-4.8812,0.70106,909.1156,171.3663,13.16,2019-01-17 21:00:00,54.95,1347.0,654.9175,117.3267,334.8012,410.2303,15.31929,0.0,2.47,224.4
2019-01-17 21:31:53,AST_Treat_20,17-Jan-2019 21:31:53,-3.5616,0.55115,380.4385,37.3814,12.93,2019-01-17 21:30:00,57.96,871.0,418.9811,73.5348,337.3135,395.4375,14.18947,0.0,4.782,247.0
2018-11-28 16:54:11,AST_Treat_20,28-Nov-2018 16:54:11,6.3129,0.93867,3.2705,8.653,15.25,2018-11-28 17:00:00,45.59,1864.0,880.5957,144.5582,307.9724,453.1904,18.72251,0.0,2.253,181.1
2018-11-28 16:48:06,AST_Treat_20,28-Nov-2018 16:48:06,-2.1316,0.32374,1206.121,138.6082,15.25,2018-11-28 17:00:00,45.59,1864.0,880.5957,144.5582,307.9724,453.1904,18.72251,0.0,2.253,181.1
2018-11-28 17:00:56,AST_Treat_20,28-Nov-2018 17:00:56,7.4266,1.0843,0.0,0.0,15.25,2018-11-28 17:00:00,45.59,1864.0,880.5957,144.5582,307.9724,453.1904,18.72251,0.0,2.253,181.1
2018-03-06 19:48:01,AST_Treat_23,06-Mar-2018 19:48:01,-1.4349,0.22614,236.1876,12.3657,9.68,2018-03-06 20:00:00,63.86,365.3,151.6391,31.0296,343.7476,360.7024,10.1583,0.0,1.573,119.8
2018-03-07 14:21:58,AST_Treat_23,07-Mar-2018 14:21:58,4.069,0.60935,3.2706,5.391,13.34,2018-03-07 14:30:00,41.08,1316.0,567.5755,129.7901,291.5877,381.4916,13.9899,0.0,6.059,316.1
2018-03-06 19:52:59,AST_Treat_23,06-Mar-2018 19:52:59,-1.3599,0.21964,221.3066,7.3196,9.68,2018-03-06 20:00:00,63.86,365.3,151.6391,31.0296,343.7476,360.7024,10.1583,0.0,1.573,119.8
2018-03-06 19:56:02,AST_Treat_23,06-Mar-2018 19:56:02,-0.78447,0.20414,109.127,12.9806,9.68,2018-03-06 20:00:00,63.86,365.3,151.6391,31.0296,343.7476,360.7024,10.1583,0.0,1.573,119.8
2018-03-06 20:02:20,AST_Treat_23,06-Mar-2018 20:02:20,-0.60792,0.18962,93.1014,16.2482,9.68,2018-03-06 20:00:00,63.86,365.3,151.6391,31.0296,343.7476,360.7024,10.1583,0.0,1.573,119.8
2018-03-06 20:08:02,AST_Treat_23,06-Mar-2018 20:08:02,-0.36877,0.10139,180.2504,23.7478,9.68,2018-03-06 20:00:00,63.86,365.3,151.6391,31.0296,343.7476,360.7024,10.1583,0.0,1.573,119.8
2018-03-06 20:13:01,AST_Treat_23,06-Mar-2018 20:13:01,-0.24663,0.11463,189.2553,30.3635,9.68,2018-03-06 20:00:00,63.86,365.3,151.6391,31.0296,343.7476,360.7024,10.1583,0.0,1.573,119.8
2018-03-06 20:17:58,AST_Treat_23,06-Mar-2018 20:17:58,-0.21091,0.15191,170.9403,9.3464,9.77,2018-03-06 20:30:00,63.06,311.4,129.1029,26.1634,344.6106,359.1391,10.2104,0.0,1.897,131.5
2018-03-06 20:23:11,AST_Treat_23,06-Mar-2018 20:23:11,2.9074,0.42084,0.19079,0.53963,9.77,2018-03-06 20:30:00,63.06,311.4,129.1029,26.1634,344.6106,359.1391,10.2104,0.0,1.897,131.5
2018-03-06 20:27:59,AST_Treat_23,06-Mar-2018 20:27:59,3.1878,0.45732,0.0,0.0,9.77,2018-03-06 20:30:00,63.06,311.4,129.1029,26.1634,344.6106,359.1391,10.2104,0.0,1.897,131.5
2018-03-06 20:36:59,AST_Treat_23,06-Mar-2018 20:36:59,0.34843,0.1231,68.834,30.7906,9.77,2018-03-06 20:30:00,63.06,311.4,129.1029,26.1634,344.6106,359.1391,10.2104,0.0,1.897,131.5
2018-03-06 20:43:14,AST_Treat_23,06-Mar-2018 20:43:14,1.1234,0.19241,110.9804,7.9655,9.77,2018-03-06 20:30:00,63.06,311.4,129.1029,26.1634,344.6106,359.1391,10.2104,0.0,1.897,131.5
2018-03-07 13:44:59,AST_Treat_23,07-Mar-2018 13:44:59,-2.9723,0.47866,808.9138,10.9529,12.85,2018-03-07 13:30:00,43.72,1027.0,443.0609,107.8346,287.8463,372.1583,13.3802,0.0,5.095,306.5
2018-03-07 13:50:10,AST_Treat_23,07-Mar-2018 13:50:10,-3.6168,0.52836,755.3042,52.754,13.17,2018-03-07 14:00:00,42.02,1180.0,508.0832,119.3289,290.2394,377.3096,13.7824,0.0,5.581,314.8
2018-03-07 13:54:08,AST_Treat_23,07-Mar-2018 13:54:08,-3.8466,0.54483,752.2818,33.2324,13.17,2018-03-07 14:00:00,42.02,1180.0,508.0832,119.3289,290.2394,377.3096,13.7824,0.0,5.581,314.8
2018-03-07 13:58:59,AST_Treat_23,07-Mar-2018 13:58:59,-3.4832,0.50356,753.9687,32.9371,13.17,2018-03-07 14:00:00,42.02,1180.0,508.0832,119.3289,290.2394,377.3096,13.7824,0.0,5.581,314.8
2018-03-07 14:04:59,AST_Treat_23,07-Mar-2018 14:04:59,-3.7562,0.59368,764.042,36.3363,13.17,2018-03-07 14:00:00,42.02,1180.0,508.0832,119.3289,290.2394,377.3096,13.7824,0.0,5.581,314.8
2018-03-07 14:09:22,AST_Treat_23,07-Mar-2018 14:09:22,-3.3403,0.50968,769.9944,15.4068,13.17,2018-03-07 14:00:00,42.02,1180.0,508.0832,119.3289,290.2394,377.3096,13.7824,0.0,5.581,314.8
2018-03-07 14:14:02,AST_Treat_23,07-Mar-2018 14:14:02,-3.8268,0.54419,794.0329,23.1037,13.17,2018-03-07 14:00:00,42.02,1180.0,508.0832,119.3289,290.2394,377.3096,13.7824,0.0,5.581,314.8
2018-03-06 20:33:01,AST_Treat_23,06-Mar-2018 20:33:01,-0.49939,0.13457,94.6276,18.5049,9.77,2018-03-06 20:30:00,63.06,311.4,129.1029,26.1634,344.6106,359.1391,10.2104,0.0,1.897,131.5
2018-11-28 17:24:23,AST_Treat_23,28-Nov-2018 17:24:23,-2.3638,0.38134,1353.786,47.6818,15.76,2018-11-28 17:30:00,47.54,1874.0,890.0432,147.2609,304.5303,449.6816,18.40604,0.0,2.459,162.3
2018-03-07 14:27:25,AST_Treat_23,07-Mar-2018 14:27:25,3.56,0.54217,2.1368,2.9752,13.34,2018-03-07 14:30:00,41.08,1316.0,567.5755,129.7901,291.5877,381.4916,13.9899,0.0,6.059,316.1
2018-03-07 14:45:59,AST_Treat_23,07-Mar-2018 14:45:59,-3.8462,0.58916,930.5052,56.9983,13.47,2018-03-07 15:00:00,41.1,1294.0,558.0182,124.242,298.3839,383.5257,14.1483,0.0,6.424,317.6
2018-11-28 17:45:23,AST_Treat_23,28-Nov-2018 17:45:23,7.4492,1.1252,2.5438,5.5171,17.07,2018-11-28 18:00:00,40.77,2010.0,949.6385,156.9829,309.9625,463.5375,20.49427,0.0,1.873,209.5
2018-11-28 17:35:50,AST_Treat_23,28-Nov-2018 17:35:50,-1.986,0.31691,1372.2538,394.3436,15.76,2018-11-28 17:30:00,47.54,1874.0,890.0432,147.2609,304.5303,449.6816,18.40604,0.0,2.459,162.3
2018-03-07 14:40:59,AST_Treat_23,07-Mar-2018 14:40:59,-4.0703,0.58665,908.6925,8.9717,13.34,2018-03-07 14:30:00,41.08,1316.0,567.5755,129.7901,291.5877,381.4916,13.9899,0.0,6.059,316.1
2018-11-28 17:52:04,AST_Treat_23,28-Nov-2018 17:52:04,8.048,1.1662,4.7175,8.3165,17.07,2018-11-28 18:00:00,40.77,2010.0,949.6385,156.9829,309.9625,463.5375,20.49427,0.0,1.873,209.5
2018-03-07 14:35:59,AST_Treat_23,07-Mar-2018 14:35:59,-4.137,0.58527,922.3652,22.7679,13.34,2018-03-07 14:30:00,41.08,1316.0,567.5755,129.7901,291.5877,381.4916,13.9899,0.0,6.059,316.1
2018-03-07 12:59:59,AST_Treat_27,07-Mar-2018 12:59:59,-2.3256,0.40301,557.5909,18.509,12.3,2018-03-07 13:00:00,47.51,861.0,373.6685,93.7758,286.7806,365.6494,12.7105,0.0,4.807,311.0
2018-03-07 13:06:17,AST_Treat_27,07-Mar-2018 13:06:17,-2.5301,0.40384,492.5435,57.5117,12.3,2018-03-07 13:00:00,47.51,861.0,373.6685,93.7758,286.7806,365.6494,12.7105,0.0,4.807,311.0
2018-03-07 13:10:05,AST_Treat_27,07-Mar-2018 13:10:05,-2.6052,0.40524,554.4875,104.8372,12.3,2018-03-07 13:00:00,47.51,861.0,373.6685,93.7758,286.7806,365.6494,12.7105,0.0,4.807,311.0
2018-03-07 13:18:59,AST_Treat_27,07-Mar-2018 13:18:59,2.8894,0.45551,5.2329,9.3196,12.85,2018-03-07 13:30:00,43.72,1027.0,443.0609,107.8346,287.8463,372.1583,13.3802,0.0,5.095,306.5
2018-03-07 12:53:41,AST_Treat_27,07-Mar-2018 12:53:41,-1.4096,0.24544,436.8898,141.9961,12.3,2018-03-07 13:00:00,47.51,861.0,373.6685,93.7758,286.7806,365.6494,12.7105,0.0,4.807,311.0
2018-03-07 12:49:11,AST_Treat_27,07-Mar-2018 12:49:11,-2.399,0.3777,541.9803,24.6253,12.3,2018-03-07 13:00:00,47.51,861.0,373.6685,93.7758,286.7806,365.6494,12.7105,0.0,4.807,311.0
2018-03-07 12:44:20,AST_Treat_27,07-Mar-2018 12:44:20,-2.4176,0.3702,503.9177,5.9046,11.7,2018-03-07 12:30:00,50.92,679.8,293.5105,76.6875,286.0766,358.458,11.9677,0.0,4.786,318.1
2018-03-07 13:34:02,AST_Treat_27,07-Mar-2018 13:34:02,-2.4617,0.36063,669.1412,49.9906,12.85,2018-03-07 13:30:00,43.72,1027.0,443.0609,107.8346,287.8463,372.1583,13.3802,0.0,5.095,306.5
2018-03-07 12:32:59,AST_Treat_27,07-Mar-2018 12:32:59,-1.4069,0.24515,399.0749,23.0592,11.7,2018-03-07 12:30:00,50.92,679.8,293.5105,76.6875,286.0766,358.458,11.9677,0.0,4.786,318.1
2018-03-07 12:38:59,AST_Treat_27,07-Mar-2018 12:38:59,-1.7523,0.32439,413.8688,18.5027,11.7,2018-03-07 12:30:00,50.92,679.8,293.5105,76.6875,286.0766,358.458,11.9677,0.0,4.786,318.1
2018-11-28 18:13:23,AST_Treat_27,28-Nov-2018 18:13:23,-0.46207,0.07581,1252.6898,66.2627,17.07,2018-11-28 18:00:00,40.77,2010.0,949.6385,156.9829,309.9625,463.5375,20.49427,0.0,1.873,209.5
2018-03-07 13:22:37,AST_Treat_27,07-Mar-2018 13:22:37,1.8695,0.3123,18.6966,28.0094,12.85,2018-03-07 13:30:00,43.72,1027.0,443.0609,107.8346,287.8463,372.1583,13.3802,0.0,5.095,306.5
2018-11-28 18:18:25,AST_Treat_27,28-Nov-2018 18:18:25,-0.44519,0.093614,1344.7459,344.5189,18.12,2018-11-28 18:30:00,38.79,2030.0,959.8181,159.557,317.9852,462.5925,20.89431,0.0,2.852,239.5
2018-11-28 18:31:11,AST_Treat_27,28-Nov-2018 18:31:11,6.0934,0.89758,0.0,0.0,18.12,2018-11-28 18:30:00,38.79,2030.0,959.8181,159.557,317.9852,462.5925,20.89431,0.0,2.852,239.5
2018-11-28 18:08:17,AST_Treat_27,28-Nov-2018 18:08:17,-1.1287,0.20651,1315.3242,39.4522,17.07,2018-11-28 18:00:00,40.77,2010.0,949.6385,156.9829,309.9625,463.5375,20.49427,0.0,1.873,209.5
2018-03-07 13:30:07,AST_Treat_27,07-Mar-2018 13:30:07,-2.1407,0.32717,655.1439,32.1368,12.85,2018-03-07 13:30:00,43.72,1027.0,443.0609,107.8346,287.8463,372.1583,13.3802,0.0,5.095,306.5
2018-03-14 14:57:58,DON1NEW,14-Mar-2018 14:57:58,-3.8522,0.55518,485.1575,39.4423,8.47,2018-03-14 15:00:00,63.04,1322.0,578.8471,131.3156,280.5601,367.1696,9.6624,0.0,4.712,264.1
2018-03-14 15:02:59,DON1NEW,14-Mar-2018 15:02:59,-5.3075,0.8385,539.9881,23.3072,8.47,2018-03-14 15:00:00,63.04,1322.0,578.8471,131.3156,280.5601,367.1696,9.6624,0.0,4.712,264.1
2018-03-14 15:08:20,DON1NEW,14-Mar-2018 15:08:20,-3.8476,0.55177,336.7931,37.9379,8.47,2018-03-14 15:00:00,63.04,1322.0,578.8471,131.3156,280.5601,367.1696,9.6624,0.0,4.712,264.1
2018-03-14 15:13:08,DON1NEW,14-Mar-2018 15:13:08,-3.7977,0.52899,289.1044,19.7125,8.47,2018-03-14 15:00:00,63.04,1322.0,578.8471,131.3156,280.5601,367.1696,9.6624,0.0,4.712,264.1
2018-03-14 15:53:05,DON1NEW,14-Mar-2018 15:53:05,-3.4734,0.49401,258.4454,51.1522,7.619,2018-03-14 16:00:00,68.3,598.3,259.0975,53.254,332.4694,349.506,7.9439,0.0,6.844,266.9
2018-03-14 15:29:14,DON1NEW,14-Mar-2018 15:29:14,-3.6882,0.52454,304.3784,50.5115,8.19,2018-03-14 15:30:00,61.37,573.2,250.0908,51.8966,336.5972,353.8845,8.7361,0.0,5.908,267.3
2018-03-14 15:37:59,DON1NEW,14-Mar-2018 15:37:59,2.682,0.38092,1.1871,3.5613,8.19,2018-03-14 15:30:00,61.37,573.2,250.0908,51.8966,336.5972,353.8845,8.7361,0.0,5.908,267.3
2018-03-14 15:23:05,DON1NEW,14-Mar-2018 15:23:05,-3.2286,0.53529,329.06,19.7117,8.19,2018-03-14 15:30:00,61.37,573.2,250.0908,51.8966,336.5972,353.8845,8.7361,0.0,5.908,267.3
2018-03-14 15:43:00,DON1NEW,14-Mar-2018 15:43:00,2.5311,0.38833,0.50877,0.78818,8.19,2018-03-14 15:30:00,61.37,573.2,250.0908,51.8966,336.5972,353.8845,8.7361,0.0,5.908,267.3
2018-03-14 15:48:20,DON1NEW,14-Mar-2018 15:48:20,-3.7466,0.53658,311.3555,27.7929,7.619,2018-03-14 16:00:00,68.3,598.3,259.0975,53.254,332.4694,349.506,7.9439,0.0,6.844,266.9
2018-03-14 15:58:00,DON1NEW,14-Mar-2018 15:58:00,-3.5191,0.50331,269.1292,50.2448,7.619,2018-03-14 16:00:00,68.3,598.3,259.0975,53.254,332.4694,349.506,7.9439,0.0,6.844,266.9
2018-03-14 15:18:03,DON1NEW,14-Mar-2018 15:18:03,-2.8836,0.42634,229.3739,26.284,8.19,2018-03-14 15:30:00,61.37,573.2,250.0908,51.8966,336.5972,353.8845,8.7361,0.0,5.908,267.3
2018-01-23 17:22:13,DON1P1,23-Jan-2018 17:22:13,-8.547,1.2652,528.0833,16.4619,8.48,2018-01-23 17:30:00,66.17,760.3,340.0584,67.0095,357.8033,364.2711,9.0688,0.0,1.2,0.0
2018-01-23 15:31:08,DON1P1,23-Jan-2018 15:31:08,-0.40565,0.067961,430.2858,31.0454,9.07,2018-01-23 15:30:00,63.45,803.0,324.7834,64.3077,338.9768,363.7132,9.8654,0.0,4.197,261.7
2018-01-23 17:34:59,DON1P1,23-Jan-2018 17:34:59,-6.2928,0.93161,394.4273,29.9454,8.48,2018-01-23 17:30:00,66.17,760.3,340.0584,67.0095,357.8033,364.2711,9.0688,0.0,1.2,0.0
2018-01-23 18:16:01,DON1P1,23-Jan-2018 18:16:01,-8.742,1.3499,685.033,65.6617,8.64,2018-01-23 18:30:00,68.95,993.0,468.5805,90.0675,361.2571,367.8985,8.7665,0.0,0.861,0.0
2018-05-17 17:08:26,DON1P1,17-May-2018 17:08:26,-3.3025,0.59764,420.6352,57.8275,4.272,2018-05-17 17:00:00,88.9,198.8,126.2281,24.682,347.2378,325.8933,4.3567,0.0,0.649,0.0
2018-05-17 17:18:59,DON1P1,17-May-2018 17:18:59,-2.4949,0.4063,230.6822,55.0963,4.786,2018-05-17 17:30:00,88.4,319.0,226.1776,47.6289,354.5863,335.7423,5.7331,0.0,1.703,91.4
2018-05-17 17:25:20,DON1P1,17-May-2018 17:25:20,0.96791,0.28194,7.6313,12.4369,4.786,2018-05-17 17:30:00,88.4,319.0,226.1776,47.6289,354.5863,335.7423,5.7331,0.0,1.703,91.4
2018-05-17 17:31:17,DON1P1,17-May-2018 17:31:17,1.1603,0.17463,0.11741,0.42332,4.786,2018-05-17 17:30:00,88.4,319.0,226.1776,47.6289,354.5863,335.7423,5.7331,0.0,1.703,91.4
2018-05-17 17:57:01,DON1P1,17-May-2018 17:57:01,-1.6401,0.28937,147.4742,20.3944,5.284,2018-05-17 18:00:00,82.7,253.3,188.2612,40.6979,355.9975,334.714,6.0798,0.0,1.488,26.46
2018-01-23 18:10:26,DON1P1,23-Jan-2018 18:10:26,-7.1481,1.4515,415.2424,35.3281,8.6,2018-01-23 18:00:00,64.33,452.7,194.6282,38.6303,358.4514,355.4882,8.7458,1.4,2.388,306.2
2018-05-17 17:00:58,DON1P1,17-May-2018 17:00:58,-2.9828,0.48319,352.8696,27.9434,4.272,2018-05-17 17:00:00,88.9,198.8,126.2281,24.682,347.2378,325.8933,4.3567,0.0,0.649,0.0
2018-11-29 15:46:28,DON1P1,29-Nov-2018 15:46:28,2.8767,0.61419,8.2418,8.6742,14.38,2018-11-29 16:00:00,57.77,586.3,249.2333,43.07125,347.6693,391.7839,14.60624,0.0,4.94,307.0
2018-11-29 15:57:56,DON1P1,29-Nov-2018 15:57:56,-5.151,0.78623,412.8915,25.6875,14.38,2018-11-29 16:00:00,57.77,586.3,249.2333,43.07125,347.6693,391.7839,14.60624,0.0,4.94,307.0
2019-01-17 17:36:41,DON1P1,17-Jan-2019 17:36:41,2.3731,0.35595,5.5963,9.0466,12.25,2019-01-17 17:30:00,62.15,407.9,176.7457,30.76234,350.2423,382.8285,12.98407,0.0,4.509,195.9
2019-01-17 17:50:16,DON1P1,17-Jan-2019 17:50:16,2.253,0.32977,17.0068,16.4011,11.11,2019-01-17 18:00:00,70.0,292.7,123.8109,21.52668,348.9106,376.3224,11.84993,0.0,4.506,161.0
2019-01-17 18:27:31,DON1P1,17-Jan-2019 18:27:31,-1.3572,0.27942,105.3114,6.7109,10.25,2019-01-17 18:30:00,72.26,268.7,114.0086,19.86405,347.8143,372.4914,11.17995,0.0,4.409,156.4
2019-01-17 18:34:11,DON1P1,17-Jan-2019 18:34:11,-1.7527,0.28996,118.8569,23.8888,10.25,2019-01-17 18:30:00,72.26,268.7,114.0086,19.86405,347.8143,372.4914,11.17995,0.0,4.409,156.4
2018-01-23 17:28:05,DON1P1,23-Jan-2018 17:28:05,-8.0106,1.2431,478.0223,21.1808,8.48,2018-01-23 17:30:00,66.17,760.3,340.0584,67.0095,357.8033,364.2711,9.0688,0.0,1.2,0.0
2018-11-29 15:53:08,DON1P1,29-Nov-2018 15:53:08,3.16,0.48469,0.0,0.0,14.38,2018-11-29 16:00:00,57.77,586.3,249.2333,43.07125,347.6693,391.7839,14.60624,0.0,4.94,307.0
2018-05-17 15:31:15,DON1P1,17-May-2018 15:31:15,0.64142,0.10534,6.8173,12.1687,3.652,2018-05-17 15:30:00,91.8,309.4,268.4833,53.4461,347.4557,324.0819,4.323,0.0,1.048,39.03
2018-05-17 18:01:59,DON1P1,17-May-2018 18:01:59,-1.9015,0.42215,183.6591,27.1427,5.284,2018-05-17 18:00:00,82.7,253.3,188.2612,40.6979,355.9975,334.714,6.0798,0.0,1.488,26.46
2018-05-17 15:20:17,DON1P1,17-May-2018 15:20:17,-2.2905,0.36576,272.5451,38.2565,3.652,2018-05-17 15:30:00,91.8,309.4,268.4833,53.4461,347.4557,324.0819,4.323,0.0,1.048,39.03
2018-01-23 18:23:59,DON1P1,23-Jan-2018 18:23:59,-8.221,1.2611,765.9244,39.0723,8.64,2018-01-23 18:30:00,68.95,993.0,468.5805,90.0675,361.2571,367.8985,8.7665,0.0,0.861,0.0
2018-01-23 18:30:14,DON1P1,23-Jan-2018 18:30:14,-9.5814,1.4144,1098.6837,71.9954,8.64,2018-01-23 18:30:00,68.95,993.0,468.5805,90.0675,361.2571,367.8985,8.7665,0.0,0.861,0.0
2018-01-23 18:34:35,DON1P1,23-Jan-2018 18:34:35,-7.3569,1.0812,478.2512,64.7331,8.64,2018-01-23 18:30:00,68.95,993.0,468.5805,90.0675,361.2571,367.8985,8.7665,0.0,0.861,0.0
2018-01-23 18:38:59,DON1P1,23-Jan-2018 18:38:59,-6.423,0.94932,395.6386,25.8876,8.64,2018-01-23 18:30:00,68.95,993.0,468.5805,90.0675,361.2571,367.8985,8.7665,0.0,0.861,0.0
2018-01-23 18:43:58,DON1P1,23-Jan-2018 18:43:58,3.1678,0.47676,6.8681,10.7381,8.64,2018-01-23 18:30:00,68.95,993.0,468.5805,90.0675,361.2571,367.8985,8.7665,0.0,0.861,0.0
2018-01-23 18:49:20,DON1P1,23-Jan-2018 18:49:20,2.583,0.43877,5.8506,14.3311,9.69,2018-01-23 19:00:00,64.65,665.0,294.2212,57.7122,366.2602,367.8631,10.1965,0.0,2.783,279.8
2018-05-17 15:25:59,DON1P1,17-May-2018 15:25:59,-2.1506,0.31134,221.2339,36.5743,3.652,2018-05-17 15:30:00,91.8,309.4,268.4833,53.4461,347.4557,324.0819,4.323,0.0,1.048,39.03
2018-02-01 20:14:14,DON1P1,01-Feb-2018 20:14:14,-2.1345,0.33522,183.1503,15.4144,14.22,2018-02-01 20:00:00,66.57,471.4,181.0915,32.9401,380.5782,384.6934,15.0505,0.0,2.018,258.5
2018-02-01 20:06:59,DON1P1,01-Feb-2018 20:06:59,-1.1041,0.22457,155.4234,35.6819,14.22,2018-02-01 20:00:00,66.57,471.4,181.0915,32.9401,380.5782,384.6934,15.0505,0.0,2.018,258.5
2018-02-01 20:42:59,DON1P1,01-Feb-2018 20:42:59,-4.1959,0.62398,279.4738,34.1659,14.93,2018-02-01 20:30:00,65.25,400.3,151.3789,28.7074,382.8959,380.5397,15.1497,0.0,4.403,268.3
2018-05-17 15:14:59,DON1P1,17-May-2018 15:14:59,-2.0205,0.50773,206.0441,10.1699,2.201,2018-05-17 15:00:00,93.2,253.7,193.3995,48.5931,339.691,315.8736,2.7559,0.0,1.923,16.73
2018-02-01 20:19:11,DON1P1,01-Feb-2018 20:19:11,-2.6434,0.38872,214.8963,15.4747,14.93,2018-02-01 20:30:00,65.25,400.3,151.3789,28.7074,382.8959,380.5397,15.1497,0.0,4.403,268.3
2018-02-01 20:24:56,DON1P1,01-Feb-2018 20:24:56,-4.5329,0.70216,303.1519,41.5501,14.93,2018-02-01 20:30:00,65.25,400.3,151.3789,28.7074,382.8959,380.5397,15.1497,0.0,4.403,268.3
2018-02-01 20:31:26,DON1P1,01-Feb-2018 20:31:26,-3.7879,0.66378,275.9464,15.7655,14.93,2018-02-01 20:30:00,65.25,400.3,151.3789,28.7074,382.8959,380.5397,15.1497,0.0,4.403,268.3
2018-02-01 20:37:08,DON1P1,01-Feb-2018 20:37:08,-1.1754,0.19401,151.2898,25.7524,14.93,2018-02-01 20:30:00,65.25,400.3,151.3789,28.7074,382.8959,380.5397,15.1497,0.0,4.403,268.3
2019-01-18 17:48:01,DON1P2,18-Jan-2019 17:48:01,-4.927,0.72447,1494.5065,100.6958,,2019-01-18 18:00:00,,,,,,,,,,
2019-01-18 17:43:16,DON1P2,18-Jan-2019 17:43:16,6.5931,0.99961,3.2705,8.653,,2019-01-18 17:30:00,,,,,,,,,,
2019-01-18 17:36:59,DON1P2,18-Jan-2019 17:36:59,6.0663,0.92683,3.8156,9.3464,,2019-01-18 17:30:00,,,,,,,,,,
2019-01-18 16:21:08,DON1P2,18-Jan-2019 16:21:08,-7.8482,1.3824,810.1348,81.9504,,2019-01-18 16:30:00,,,,,,,,,,
2019-01-18 16:16:23,DON1P2,18-Jan-2019 16:16:23,4.4496,0.70846,0.0,0.0,,2019-01-18 16:30:00,,,,,,,,,,
2019-01-18 15:08:59,DON1P2,18-Jan-2019 15:08:59,-9.56,1.4243,1502.341,39.4313,,2019-01-18 15:00:00,,,,,,,,,,
2018-11-29 14:36:58,DON1P2,29-Nov-2018 14:36:58,-4.5019,0.68809,357.1431,33.0296,15.67,2018-11-29 14:30:00,52.3,934.0,423.9497,74.31904,336.0017,406.4688,16.23883,0.0,6.586,315.4
2018-11-29 14:31:14,DON1P2,29-Nov-2018 14:31:14,-4.9452,0.77766,376.5074,35.0694,15.67,2018-11-29 14:30:00,52.3,934.0,423.9497,74.31904,336.0017,406.4688,16.23883,0.0,6.586,315.4
2018-11-29 13:13:58,DON1P2,29-Nov-2018 13:13:58,-4.8197,0.7304,1136.295,27.2659,16.41,2018-11-29 13:00:00,51.93,1616.0,741.9858,135.2699,318.8322,429.7549,17.88596,0.0,3.343,282.0
2018-11-29 13:18:59,DON1P2,29-Nov-2018 13:18:59,-4.8819,0.77345,1220.7477,89.649,17.95,2018-11-29 13:30:00,44.34,1798.0,826.955,149.8364,317.8756,435.2712,19.11529,0.0,4.508,301.4
2018-11-29 15:22:58,DON1P2,29-Nov-2018 15:22:58,-3.7575,0.62307,253.1035,37.577,14.24,2018-11-29 15:30:00,57.18,470.5,196.2012,33.63373,348.1499,389.6422,14.47479,0.0,5.456,312.0
2018-11-29 14:49:29,DON1P2,29-Nov-2018 14:49:29,4.0045,0.59172,4.388,9.0014,14.51,2018-11-29 15:00:00,56.62,588.2,254.4043,44.72955,342.0099,393.7891,14.8395,0.0,5.693,313.0
2018-11-29 14:43:19,DON1P2,29-Nov-2018 14:43:19,3.7576,0.60795,2.2894,5.6078,15.67,2018-11-29 14:30:00,52.3,934.0,423.9497,74.31904,336.0017,406.4688,16.23883,0.0,6.586,315.4
2019-01-18 15:03:59,DON1P2,18-Jan-2019 15:03:59,-10.9626,1.6164,1110.5394,85.4036,,2019-01-18 15:00:00,,,,,,,,,,
2019-01-18 19:24:10,DONP3,18-Jan-2019 19:24:10,4.8408,0.69894,4.5788,9.7898,,2019-01-18 19:30:00,,,,,,,,,,
2019-01-18 19:17:40,DONP3,18-Jan-2019 19:17:40,11.4552,2.5717,2.1368,5.6057,,2019-01-18 19:30:00,,,,,,,,,,
2019-01-18 19:33:59,DONP3,18-Jan-2019 19:33:59,-4.0848,0.60545,389.3852,37.3358,,2019-01-18 19:30:00,,,,,,,,,,
2019-01-18 19:28:35,DONP3,18-Jan-2019 19:28:35,-4.5843,0.65523,422.7719,44.8379,,2019-01-18 19:30:00,,,,,,,,,,
2018-05-17 17:36:58,SPH1P1,17-May-2018 17:36:58,0.16987,0.05436,4.6551,6.9762,4.786,2018-05-17 17:30:00,88.4,319.0,226.1776,47.6289,354.5863,335.7423,5.7331,0.0,1.703,91.4
2018-05-17 15:08:59,SPH1P1,17-May-2018 15:08:59,-0.2427,0.056242,284.0911,23.1769,2.201,2018-05-17 15:00:00,93.2,253.7,193.3995,48.5931,339.691,315.8736,2.7559,0.0,1.923,16.73
2018-05-17 15:05:06,SPH1P1,17-May-2018 15:05:06,-0.28744,0.051126,259.234,52.9666,2.201,2018-05-17 15:00:00,93.2,253.7,193.3995,48.5931,339.691,315.8736,2.7559,0.0,1.923,16.73
2018-03-07 21:17:58,SPH1P1,07-Mar-2018 21:17:58,-0.88858,0.22325,248.3976,49.0491,10.77,2018-03-07 21:30:00,68.35,616.3,277.6009,58.9284,291.5928,364.9166,11.693,0.0,4.522,131.5
2018-03-07 21:11:38,SPH1P1,07-Mar-2018 21:11:38,0.55518,0.094508,2.6934,5.6987,11.38,2018-03-07 21:00:00,66.33,850.0,380.2278,80.3681,300.2415,376.8413,12.9535,0.0,4.315,134.1
2018-03-07 21:04:23,SPH1P1,07-Mar-2018 21:04:23,0.80187,0.2061,3.5613,5.8451,11.38,2018-03-07 21:00:00,66.33,850.0,380.2278,80.3681,300.2415,376.8413,12.9535,0.0,4.315,134.1
2018-03-07 20:57:59,SPH1P1,07-Mar-2018 20:57:59,0.62621,0.24574,5.4509,11.9483,11.38,2018-03-07 21:00:00,66.33,850.0,380.2278,80.3681,300.2415,376.8413,12.9535,0.0,4.315,134.1
2018-03-07 20:35:59,SPH1P1,07-Mar-2018 20:35:59,0.044332,0.029115,546.9798,113.3313,11.93,2018-03-07 20:30:00,60.69,1054.0,468.3315,99.4811,303.1062,386.027,14.102,0.0,3.277,178.4
2018-03-07 20:18:00,SPH1P1,07-Mar-2018 20:18:00,-0.13739,0.082074,184.8292,50.8061,11.93,2018-03-07 20:30:00,60.69,1054.0,468.3315,99.4811,303.1062,386.027,14.102,0.0,3.277,178.4
2018-03-07 20:12:00,SPH1P1,07-Mar-2018 20:12:00,-0.16062,0.10618,231.0746,33.5251,13.61,2018-03-07 20:00:00,46.89,1153.0,508.2182,108.2168,293.962,388.5593,15.0025,0.0,4.155,255.5
2018-03-07 20:08:59,SPH1P1,07-Mar-2018 20:08:59,0.06261,0.041123,626.2723,38.1868,13.61,2018-03-07 20:00:00,46.89,1153.0,508.2182,108.2168,293.962,388.5593,15.0025,0.0,4.155,255.5
2018-05-17 17:13:06,SPH1P1,17-May-2018 17:13:06,-0.52733,0.10455,360.4863,62.1461,4.272,2018-05-17 17:00:00,88.9,198.8,126.2281,24.682,347.2378,325.8933,4.3567,0.0,0.649,0.0
2018-02-01 21:32:59,SPH1P1,01-Feb-2018 21:32:59,0.95292,0.20104,0.0,0.0,14.97,2018-02-01 21:30:00,67.99,617.2,243.2382,47.3642,356.8611,383.8604,15.3973,0.0,3.314,268.5
2018-02-01 21:28:05,SPH1P1,01-Feb-2018 21:28:05,0.6312,0.12416,0.19079,0.52133,14.97,2018-02-01 21:30:00,67.99,617.2,243.2382,47.3642,356.8611,383.8604,15.3973,0.0,3.314,268.5
2018-02-01 21:25:05,SPH1P1,01-Feb-2018 21:25:05,-2.6775,0.40065,333.2954,60.1768,14.97,2018-02-01 21:30:00,67.99,617.2,243.2382,47.3642,356.8611,383.8604,15.3973,0.0,3.314,268.5
2018-02-01 21:22:14,SPH1P1,01-Feb-2018 21:22:14,-2.7255,0.40199,347.806,23.2339,14.97,2018-02-01 21:30:00,67.99,617.2,243.2382,47.3642,356.8611,383.8604,15.3973,0.0,3.314,268.5
2018-02-01 21:20:05,SPH1P1,01-Feb-2018 21:20:05,-2.5461,0.38073,356.8039,14.9887,14.97,2018-02-01 21:30:00,67.99,617.2,243.2382,47.3642,356.8611,383.8604,15.3973,0.0,3.314,268.5
2018-02-01 21:14:29,SPH1P1,01-Feb-2018 21:14:29,-2.6231,0.43443,355.0063,7.044,14.56,2018-02-01 21:00:00,68.37,505.9,195.5737,37.1982,374.3685,380.592,14.8949,0.0,4.083,270.7
2018-02-01 21:08:59,SPH1P1,01-Feb-2018 21:08:59,-2.636,0.43437,345.5872,15.2335,14.56,2018-02-01 21:00:00,68.37,505.9,195.5737,37.1982,374.3685,380.592,14.8949,0.0,4.083,270.7
2018-02-01 21:04:05,SPH1P1,01-Feb-2018 21:04:05,-2.6818,0.4031,360.7679,6.4205,14.56,2018-02-01 21:00:00,68.37,505.9,195.5737,37.1982,374.3685,380.592,14.8949,0.0,4.083,270.7
2018-02-01 21:00:02,SPH1P1,01-Feb-2018 21:00:02,-3.2194,0.47468,440.8962,31.7611,14.56,2018-02-01 21:00:00,68.37,505.9,195.5737,37.1982,374.3685,380.592,14.8949,0.0,4.083,270.7
2018-02-01 20:55:17,SPH1P1,01-Feb-2018 20:55:17,-2.6542,0.41733,346.2413,17.6331,14.56,2018-02-01 21:00:00,68.37,505.9,195.5737,37.1982,374.3685,380.592,14.8949,0.0,4.083,270.7
2018-02-01 20:49:59,SPH1P1,01-Feb-2018 20:49:59,-2.0958,0.34675,224.6135,30.3784,14.56,2018-02-01 21:00:00,68.37,505.9,195.5737,37.1982,374.3685,380.592,14.8949,0.0,4.083,270.7
2018-05-17 17:43:55,SPH1P1,17-May-2018 17:43:55,0.063559,0.024184,13.9906,20.9924,4.786,2018-05-17 17:30:00,88.4,319.0,226.1776,47.6289,354.5863,335.7423,5.7331,0.0,1.703,91.4
2018-03-07 19:55:59,SPH1P1,07-Mar-2018 19:55:59,0.03207,0.026575,592.4767,171.9042,13.61,2018-03-07 20:00:00,46.89,1153.0,508.2182,108.2168,293.962,388.5593,15.0025,0.0,4.155,255.5
2018-05-17 17:50:30,SPH1P1,17-May-2018 17:50:30,-0.22623,0.040771,140.2675,37.5436,5.284,2018-05-17 18:00:00,82.7,253.3,188.2612,40.6979,355.9975,334.714,6.0798,0.0,1.488,26.46
2018-11-29 15:33:08,SPH1P1,29-Nov-2018 15:33:08,-2.0018,0.30788,352.1481,72.6843,14.24,2018-11-29 15:30:00,57.18,470.5,196.2012,33.63373,348.1499,389.6422,14.47479,0.0,5.456,312.0
2018-11-29 15:29:17,SPH1P1,29-Nov-2018 15:29:17,-1.8006,0.36321,285.6272,25.209,14.24,2018-11-29 15:30:00,57.18,470.5,196.2012,33.63373,348.1499,389.6422,14.47479,0.0,5.456,312.0
2019-01-17 18:11:16,SPH1P1,17-Jan-2019 18:11:16,-1.1263,0.24283,113.1607,18.3453,11.11,2019-01-17 18:00:00,70.0,292.7,123.8109,21.52668,348.9106,376.3224,11.84993,0.0,4.506,161.0
2019-01-17 18:19:38,SPH1P1,17-Jan-2019 18:19:38,-1.2097,0.2012,140.7968,32.4481,10.25,2019-01-17 18:30:00,72.26,268.7,114.0086,19.86405,347.8143,372.4914,11.17995,0.0,4.409,156.4
2019-01-17 18:01:40,SPH1P1,17-Jan-2019 18:01:40,0.54787,0.12456,4.0238,8.7216,11.11,2019-01-17 18:00:00,70.0,292.7,123.8109,21.52668,348.9106,376.3224,11.84993,0.0,4.506,161.0
2019-01-17 17:55:11,SPH1P1,17-Jan-2019 17:55:11,0.68402,0.10548,4.1577,10.4547,11.11,2019-01-17 18:00:00,70.0,292.7,123.8109,21.52668,348.9106,376.3224,11.84993,0.0,4.506,161.0
2018-11-29 15:39:59,SPH1P1,29-Nov-2018 15:39:59,0.67458,0.12279,8.564,12.8139,14.24,2018-11-29 15:30:00,57.18,470.5,196.2012,33.63373,348.1499,389.6422,14.47479,0.0,5.456,312.0
2018-03-14 21:05:35,SPH1P2,14-Mar-2018 21:05:35,0.53169,0.12342,1.1871,1.9868,8.22,2018-03-14 21:00:00,67.5,451.6,223.9857,50.2593,307.9343,344.6687,8.2303,0.0,5.398,242.0
2018-03-14 21:00:44,SPH1P2,14-Mar-2018 21:00:44,0.14811,0.045657,8.5979,20.6233,8.22,2018-03-14 21:00:00,67.5,451.6,223.9857,50.2593,307.9343,344.6687,8.2303,0.0,5.398,242.0
2018-03-14 20:55:00,SPH1P2,14-Mar-2018 20:55:00,-0.70561,0.11123,172.5158,30.4116,8.22,2018-03-14 21:00:00,67.5,451.6,223.9857,50.2593,307.9343,344.6687,8.2303,0.0,5.398,242.0
2019-01-18 17:17:59,SPH1P2,18-Jan-2019 17:17:59,1.292,0.33456,1.221,1.99,,2019-01-18 17:30:00,,,,,,,,,,
2018-03-14 20:47:23,SPH1P2,14-Mar-2018 20:47:23,-1.4826,0.24179,385.3788,43.4352,8.22,2018-03-14 21:00:00,67.5,451.6,223.9857,50.2593,307.9343,344.6687,8.2303,0.0,5.398,242.0
2018-03-14 20:40:53,SPH1P2,14-Mar-2018 20:40:53,-1.8953,0.33157,334.4401,107.553,8.39,2018-03-14 20:30:00,67.58,459.2,209.7896,46.3905,326.2081,349.5357,8.5959,0.0,7.462,261.1
2018-03-14 20:36:02,SPH1P2,14-Mar-2018 20:36:02,-1.1512,0.18664,171.2455,32.6031,8.39,2018-03-14 20:30:00,67.58,459.2,209.7896,46.3905,326.2081,349.5357,8.5959,0.0,7.462,261.1
2019-01-18 16:46:17,SPH1P2,18-Jan-2019 16:46:17,-3.5951,0.54305,1066.3196,267.6362,,2019-01-18 17:00:00,,,,,,,,,,
2019-01-18 16:40:16,SPH1P2,18-Jan-2019 16:40:16,-3.6236,0.55881,840.093,79.5159,,2019-01-18 16:30:00,,,,,,,,,,
2019-01-18 17:23:17,SPH1P2,18-Jan-2019 17:23:17,-2.5606,0.43544,1132.0434,392.5297,,2019-01-18 17:30:00,,,,,,,,,,
2019-01-18 17:30:23,SPH1P2,18-Jan-2019 17:30:23,1.6825,0.2792,1.1629,3.198,,2019-01-18 17:30:00,,,,,,,,,,
2019-01-18 17:08:34,SPH1P2,18-Jan-2019 17:08:34,-3.2627,0.52257,1231.6248,263.3001,,2019-01-18 17:00:00,,,,,,,,,,
2018-03-14 20:51:11,SPH1P2,14-Mar-2018 20:51:11,-1.4992,0.24437,268.6204,112.3252,8.22,2018-03-14 21:00:00,67.5,451.6,223.9857,50.2593,307.9343,344.6687,8.2303,0.0,5.398,242.0
2019-01-17 17:03:08,SPH2P1,17-Jan-2019 17:03:08,-0.54621,0.11984,200.9957,57.6295,13.57,2019-01-17 17:00:00,55.97,1134.0,525.1799,91.74158,343.7193,403.0904,14.65963,0.0,5.754,265.8
2019-01-17 17:09:25,SPH2P1,17-Jan-2019 17:09:25,0.33361,0.061797,8.1909,16.1498,13.57,2019-01-17 17:00:00,55.97,1134.0,525.1799,91.74158,343.7193,403.0904,14.65963,0.0,5.754,265.8
2019-01-17 16:59:01,SPH2P1,17-Jan-2019 16:59:01,-1.3633,0.26003,341.2264,48.6558,13.57,2019-01-17 17:00:00,55.97,1134.0,525.1799,91.74158,343.7193,403.0904,14.65963,0.0,5.754,265.8
2019-01-17 16:54:34,SPH2P1,17-Jan-2019 16:54:34,-1.3793,0.21512,417.8879,58.4988,13.57,2019-01-17 17:00:00,55.97,1134.0,525.1799,91.74158,343.7193,403.0904,14.65963,0.0,5.754,265.8
2018-11-29 16:51:42,SPH2P1,29-Nov-2018 16:51:42,-0.57882,0.10542,435.2281,100.0179,14.83,2018-11-29 17:00:00,57.34,891.0,391.7599,67.53268,353.5254,404.6953,15.65709,0.0,3.837,275.1
2018-11-29 16:46:05,SPH2P1,29-Nov-2018 16:46:05,0.38308,0.075247,4.6805,7.8638,14.83,2018-11-29 17:00:00,57.34,891.0,391.7599,67.53268,353.5254,404.6953,15.65709,0.0,3.837,275.1
2018-11-29 16:42:29,SPH2P1,29-Nov-2018 16:42:29,1.0716,0.21762,3.1615,8.6848,14.65,2018-11-29 16:30:00,57.32,756.5,327.442,57.10345,349.5798,398.8543,15.15617,0.0,3.966,286.9
2018-11-29 16:10:19,SPH2P1,29-Nov-2018 16:10:19,-1.2397,0.26578,396.5713,20.2806,14.38,2018-11-29 16:00:00,57.77,586.3,249.2333,43.07125,347.6693,391.7839,14.60624,0.0,4.94,307.0
2018-11-29 16:04:59,SPH2P1,29-Nov-2018 16:04:59,-0.77975,0.35736,427.3507,16.0366,14.38,2018-11-29 16:00:00,57.77,586.3,249.2333,43.07125,347.6693,391.7839,14.60624,0.0,4.94,307.0
2019-01-17 17:15:45,SPH2P1,17-Jan-2019 17:15:45,0.42332,0.071209,6.9699,12.5454,12.25,2019-01-17 17:30:00,62.15,407.9,176.7457,30.76234,350.2423,382.8285,12.98407,0.0,4.509,195.9
2019-01-18 18:58:29,SPH3P3,18-Jan-2019 18:58:29,1.4522,0.35604,2.7473,6.1431,,2019-01-18 19:00:00,,,,,,,,,,
2019-01-18 18:28:58,SPH3P3,18-Jan-2019 18:28:58,-3.3655,0.53736,1184.5325,77.7921,,2019-01-18 18:30:00,,,,,,,,,,
2019-01-18 18:35:59,SPH3P3,18-Jan-2019 18:35:59,-3.0945,0.4987,1144.079,23.036,,2019-01-18 18:30:00,,,,,,,,,,
2019-01-18 18:44:05,SPH3P3,18-Jan-2019 18:44:05,-3.5231,0.57834,961.4373,25.4965,,2019-01-18 18:30:00,,,,,,,,,,
2019-01-18 18:51:59,SPH3P3,18-Jan-2019 18:51:59,1.6837,0.29152,0.0,0.0,,2019-01-18 19:00:00,,,,,,,,,,
